,Moving-Average TTR,No. of Segments
Source,0.6947779479326203,48
Machin-Trans.,0.7345021122510613,82
Post-Edited,0.7420521475963093,411
Human-Trans.,0.7247325263568787,262
